{"_runtime":106.55416769,"_step":14,"loss":NaN,"tokens_trained":3040800,"_timestamp":1.7509169664729714e+09,"_wandb":{"runtime":112}}