{"loss":5.8673322200775146e-08,"_timestamp":1.750914684488647e+09,"_runtime":22.707758466,"_step":73,"_wandb":{"runtime":23}}