{"_runtime":36.454482732,"_step":4,"loss":0.984375,"_timestamp":1.7509151996633716e+09,"_wandb":{"runtime":44}}