{"_step":4,"loss":7.59027898311615e-08,"_timestamp":1.7509133951637254e+09,"_runtime":35.463089014,"_wandb":{"runtime":38}}