{"_timestamp":1.7509177917668939e+09,"_runtime":768.834444485,"_step":96,"_wandb":{"runtime":777},"loss":0.98828125,"tokens_trained":19865600}