{"_wandb":{"runtime":82},"loss":0.98828125,"tokens_trained":1824320,"_timestamp":1.750916194096455e+09,"_runtime":73.010112397,"_step":8}