{"_wandb":{"runtime":22},"_runtime":3.999146126,"_step":0,"loss":6.593763828277588e-07,"_timestamp":1.7509097110477183e+09}