{"_step":162,"_wandb":{"runtime":26},"loss":1.1953125,"_timestamp":1.7509148765885043e+09,"_runtime":25.512454509}