{"_timestamp":1.750909500873511e+09,"_runtime":11.64402167,"_step":0,"loss":7.301568984985352e-07,"_wandb":{"runtime":29}}