{"loss":8.66129994392395e-08,"_timestamp":1.7509147485853307e+09,"_runtime":23.492176245,"_step":105,"_wandb":{"runtime":24}}