{"_wandb":{"runtime":63},"loss":1.7109375,"tokens_trained":1621984,"_timestamp":1.7509165212710702e+09,"_runtime":59.232982106,"_step":7}