{"_runtime":137.528456108,"_step":18,"loss":NaN,"tokens_trained":3853344,"_wandb":{"runtime":141},"_timestamp":1.7509166825562432e+09}