{"_step":4,"_wandb":{"runtime":91},"loss":5.820766091346741e-08,"_timestamp":1.7509130376097362e+09,"_runtime":86.286541573}